{
    "run_id": "run_20241123_003708_c9f73d6d",
    "timestamp": "2024-11-23T00:38:27.603921",
    "best_params": {
        "max_features": 6243,
        "ngram_range": [
            1,
            1
        ],
        "iterations": 639,
        "depth": 5,
        "learning_rate": 0.0029375384576328283,
        "l2_leaf_reg": 3.3323645788192616e-08,
        "border_count": 226,
        "bagging_temperature": 0.6011150117432088
    },
    "best_value": 0.565,
    "n_trials": 5,
    "train_accuracy": 0.835,
    "test_accuracy": 0.565,
    "train_report": {
        "1": {
            "precision": 0.9887640449438202,
            "recall": 0.8712871287128713,
            "f1-score": 0.9263157894736842,
            "support": 101.0
        },
        "2": {
            "precision": 0.9586776859504132,
            "recall": 0.8529411764705882,
            "f1-score": 0.9027237354085603,
            "support": 136.0
        },
        "3": {
            "precision": 1.0,
            "recall": 0.5360824742268041,
            "f1-score": 0.697986577181208,
            "support": 97.0
        },
        "4": {
            "precision": 0.7777777777777778,
            "recall": 0.7819148936170213,
            "f1-score": 0.7798408488063661,
            "support": 188.0
        },
        "5": {
            "precision": 0.7593123209169055,
            "recall": 0.9532374100719424,
            "f1-score": 0.8452950558213717,
            "support": 278.0
        },
        "accuracy": 0.835,
        "macro avg": {
            "precision": 0.8969063659177834,
            "recall": 0.7990926166198454,
            "f1-score": 0.830432401338238,
            "support": 800.0
        },
        "weighted avg": {
            "precision": 0.85569547658213,
            "recall": 0.835,
            "f1-score": 0.8320439072911521,
            "support": 800.0
        }
    },
    "test_report": {
        "1": {
            "precision": 0.8823529411764706,
            "recall": 0.6,
            "f1-score": 0.7142857142857143,
            "support": 25.0
        },
        "2": {
            "precision": 0.7666666666666667,
            "recall": 0.6764705882352942,
            "f1-score": 0.71875,
            "support": 34.0
        },
        "3": {
            "precision": 0.8571428571428571,
            "recall": 0.25,
            "f1-score": 0.3870967741935484,
            "support": 24.0
        },
        "4": {
            "precision": 0.3125,
            "recall": 0.3191489361702128,
            "f1-score": 0.3157894736842105,
            "support": 47.0
        },
        "5": {
            "precision": 0.5510204081632653,
            "recall": 0.7714285714285715,
            "f1-score": 0.6428571428571429,
            "support": 70.0
        },
        "accuracy": 0.565,
        "macro avg": {
            "precision": 0.6739365746298519,
            "recall": 0.5234096191668156,
            "f1-score": 0.5557558210041232,
            "support": 200.0
        },
        "weighted avg": {
            "precision": 0.6097792366946778,
            "recall": 0.565,
            "f1-score": 0.5571353535047296,
            "support": 200.0
        }
    },
    "trial_history": [
        {
            "trial_number": 0,
            "value": 0.565,
            "params": {
                "max_features": 6243,
                "ngram_range": [
                    1,
                    1
                ],
                "iterations": 639,
                "depth": 5,
                "learning_rate": 0.0029375384576328283,
                "l2_leaf_reg": 3.3323645788192616e-08,
                "border_count": 226,
                "bagging_temperature": 0.6011150117432088
            }
        },
        {
            "trial_number": 1,
            "value": 0.525,
            "params": {
                "max_features": 10913,
                "ngram_range": [
                    1,
                    2
                ],
                "iterations": 850,
                "depth": 5,
                "learning_rate": 0.0035113563139704067,
                "l2_leaf_reg": 4.4734294104626844e-07,
                "border_count": 100,
                "bagging_temperature": 0.5247564316322378
            }
        },
        {
            "trial_number": 2,
            "value": 0.525,
            "params": {
                "max_features": 7047,
                "ngram_range": [
                    1,
                    2
                ],
                "iterations": 225,
                "depth": 6,
                "learning_rate": 0.01256277350380703,
                "l2_leaf_reg": 0.00012724181576752517,
                "border_count": 207,
                "bagging_temperature": 0.19967378215835974
            }
        },
        {
            "trial_number": 3,
            "value": 0.485,
            "params": {
                "max_features": 8199,
                "ngram_range": [
                    1,
                    1
                ],
                "iterations": 647,
                "depth": 5,
                "learning_rate": 0.001567309546723541,
                "l2_leaf_reg": 3.4671276804481113,
                "border_count": 248,
                "bagging_temperature": 0.8083973481164611
            }
        },
        {
            "trial_number": 4,
            "value": 0.455,
            "params": {
                "max_features": 5264,
                "ngram_range": [
                    1,
                    2
                ],
                "iterations": 496,
                "depth": 4,
                "learning_rate": 0.030586566669785254,
                "l2_leaf_reg": 2.039373116525212e-08,
                "border_count": 235,
                "bagging_temperature": 0.2587799816000169
            }
        }
    ]
}